HigherTaxonomy,nBF,species_Uetz,percent_taxa,percent_studies
Acrodonta,18,767,2.346805736636245,10.975609756097562
Anguimorpha,5,239,2.092050209205021,3.048780487804878
Dibamia,0,25,0,0
Gekkota,2,2095,0.0954653937947494,1.2195121951219512
Lacertoidea,38,1029,3.69290573372206,23.170731707317074
Pleurodonta,74,1236,5.9870550161812295,45.1219512195122
Rhynchocephalia,1,1,100,0.6097560975609756
Scincoidea,26,1870,1.3903743315508021,15.853658536585366
